Workbook

Sheet Sheet1
A1: uchar | C1: Schematic Sheet | D1: REF Des | E1: REF Des | F1: Zero = | G1: One = | H1: Description | I1: Note | J1: I/O | K1: Chip Select Group (for each channel) | L1: GPIO Expansion Chip I/O port (pin) name
A2: pCUT :1, | B2: =CONCATENATE("//* 0 = ",F2," <BR> 1 = ",G2," <BR> Description: ",H2," <BR> I/O: ",J2," <BR> Chip Select Group: ",K2," <BR> GPIO Port (Pin) Name: ",L2," <BR> Schematic Sheet of Interest: ",C2," <BR> Reference Designators of Interest: ", CONCATENATE(D2,", ",E2),IF(I2<>"",CONCATENATE(" <BR> Note: ",I2),"")) -> //* 0 = Output level CUT mode <BR> 1 = Output level not CUTting <BR> Description: Gain Mode Switch (Cut), Front Panel <BR> I/O: Input (Active Low) <BR> Chip Select Group: CS_A <BR> GPIO Port (Pin) Name: P0 <BR> Schematic Sheet of Interest: Front Panel, SPI GPIO input sheet <BR> Reference Designators of Interest: S1, <BR> Note: Gain mode OUT is calculated when neither Cut or Boost is active, and should set Output Level seven relay ladder range and output relay 1 for 0dB | C2: Front Panel, SPI GPIO input sheet | D2: S1 | F2: Output level CUT mode | G2: Output level not CUTting | H2: Gain Mode Switch (Cut), Front Panel | I2: Gain mode OUT is calculated when neither Cut or Boost is active, and should set Output Level seven relay ladder range and output relay 1 for 0dB | J2: =VLOOKUP(LEFT(TRIM(A2),1),$U$2:$V$5,2,FALSE) -> Input (Active Low) | K2: CS_A | L2: P0 | U2: p | V2: Input (Active Low)
A3: pBOOST :1, | B3: =CONCATENATE("//* 0 = ",F3," <BR> 1 = ",G3," <BR> Description: ",H3," <BR> I/O: ",J3," <BR> Chip Select Group: ",K3," <BR> GPIO Port (Pin) Name: ",L3," <BR> Schematic Sheet of Interest: ",C3," <BR> Reference Designators of Interest: ", CONCATENATE(D3,", ",E3),IF(I3<>"",CONCATENATE(" <BR> Note: ",I3),"")) -> //* 0 = Output level BOOST mode <BR> 1 = Output level not BOOSTing <BR> Description: Gain Mode Switch (Boost), Front Panel <BR> I/O: Input (Active Low) <BR> Chip Select Group: CS_A <BR> GPIO Port (Pin) Name: P1 <BR> Schematic Sheet of Interest: Front Panel, SPI GPIO input sheet <BR> Reference Designators of Interest: S1, <BR> Note: Gain mode OUT is calculated when neither Cut or Boost is active, and should set Output Level seven relay ladder range and output relay 1 for 0dB | C3: Front Panel, SPI GPIO input sheet | D3: S1 | F3: Output level BOOST mode | G3: Output level not BOOSTing | H3: Gain Mode Switch (Boost), Front Panel | I3: Gain mode OUT is calculated when neither Cut or Boost is active, and should set Output Level seven relay ladder range and output relay 1 for 0dB | J3: =VLOOKUP(LEFT(TRIM(A3),1),$U$2:$V$5,2,FALSE) -> Input (Active Low) | K3: CS_A | L3: P1 | U3: b | V3: Input (Active High)
A4: bLOADING_A0 :1, | B4: =CONCATENATE("//* 0 = ",F4," <BR> 1 = ",G4," <BR> Description: ",H4," <BR> I/O: ",J4," <BR> Chip Select Group: ",K4," <BR> GPIO Port (Pin) Name: ",L4," <BR> Schematic Sheet of Interest: ",C4," <BR> Reference Designators of Interest: ", CONCATENATE(D4,", ",E4),IF(I4<>"",CONCATENATE(" <BR> Note: ",I4),"")) -> //* 0 = Binary group (4-bits) not active <BR> 1 = Binary group (4-bits) active <BR> Description: Loading Knob bit 0 <BR> I/O: Input (Active High) <BR> Chip Select Group: CS_A <BR> GPIO Port (Pin) Name: P2 <BR> Schematic Sheet of Interest: Front Panel, SPI GPIO input sheet <BR> Reference Designators of Interest: SW3, <BR> Note: Twelve positions is represented by these four bits (Loading Knob[3:0]) with zero base reference from 0 to 11 in binary count | C4: Front Panel, SPI GPIO input sheet | D4: SW3 | F4: Binary group (4-bits) not active | G4: Binary group (4-bits) active | H4: Loading Knob bit 0 | I4: Twelve positions is represented by these four bits (Loading Knob[3:0]) with zero base reference from 0 to 11 in binary count | J4: =VLOOKUP(LEFT(TRIM(A4),1),$U$2:$V$5,2,FALSE) -> Input (Active High) | K4: CS_A | L4: P2 | U4: q | V4: Output (Acvtive Low)
A5: bLOADING_A1 :1, | B5: =CONCATENATE("//* 0 = ",F5," <BR> 1 = ",G5," <BR> Description: ",H5," <BR> I/O: ",J5," <BR> Chip Select Group: ",K5," <BR> GPIO Port (Pin) Name: ",L5," <BR> Schematic Sheet of Interest: ",C5," <BR> Reference Designators of Interest: ", CONCATENATE(D5,", ",E5),IF(I5<>"",CONCATENATE(" <BR> Note: ",I5),"")) -> //* 0 = Binary group (4-bits) not active <BR> 1 = Binary group (4-bits) active <BR> Description: Loading Knob bit 1 <BR> I/O: Input (Active High) <BR> Chip Select Group: CS_A <BR> GPIO Port (Pin) Name: P3 <BR> Schematic Sheet of Interest: Front Panel, SPI GPIO input sheet <BR> Reference Designators of Interest: SW3, <BR> Note: Twelve positions is represented by these four bits (Loading Knob[3:0]) with zero base reference from 0 to 11 in binary count | C5: Front Panel, SPI GPIO input sheet | D5: SW3 | F5: Binary group (4-bits) not active | G5: Binary group (4-bits) active | H5: Loading Knob bit 1 | I5: Twelve positions is represented by these four bits (Loading Knob[3:0]) with zero base reference from 0 to 11 in binary count | J5: =VLOOKUP(LEFT(TRIM(A5),1),$U$2:$V$5,2,FALSE) -> Input (Active High) | K5: CS_A | L5: P3 | U5: d | V5: Output (Active High)
A6: bLOADING_A2 :1, | B6: =CONCATENATE("//* 0 = ",F6," <BR> 1 = ",G6," <BR> Description: ",H6," <BR> I/O: ",J6," <BR> Chip Select Group: ",K6," <BR> GPIO Port (Pin) Name: ",L6," <BR> Schematic Sheet of Interest: ",C6," <BR> Reference Designators of Interest: ", CONCATENATE(D6,", ",E6),IF(I6<>"",CONCATENATE(" <BR> Note: ",I6),"")) -> //* 0 = Binary group (4-bits) not active <BR> 1 = Binary group (4-bits) active <BR> Description: Loading Knob bit 2 <BR> I/O: Input (Active High) <BR> Chip Select Group: CS_A <BR> GPIO Port (Pin) Name: P4 <BR> Schematic Sheet of Interest: Front Panel, SPI GPIO input sheet <BR> Reference Designators of Interest: SW3, <BR> Note: Twelve positions is represented by these four bits (Loading Knob[3:0]) with zero base reference from 0 to 11 in binary count | C6: Front Panel, SPI GPIO input sheet | D6: SW3 | F6: Binary group (4-bits) not active | G6: Binary group (4-bits) active | H6: Loading Knob bit 2 | I6: Twelve positions is represented by these four bits (Loading Knob[3:0]) with zero base reference from 0 to 11 in binary count | J6: =VLOOKUP(LEFT(TRIM(A6),1),$U$2:$V$5,2,FALSE) -> Input (Active High) | K6: CS_A | L6: P4
A7: bLOADING_A3 :1, | B7: =CONCATENATE("//* 0 = ",F7," <BR> 1 = ",G7," <BR> Description: ",H7," <BR> I/O: ",J7," <BR> Chip Select Group: ",K7," <BR> GPIO Port (Pin) Name: ",L7," <BR> Schematic Sheet of Interest: ",C7," <BR> Reference Designators of Interest: ", CONCATENATE(D7,", ",E7),IF(I7<>"",CONCATENATE(" <BR> Note: ",I7),"")) -> //* 0 = Binary group (4-bits) not active <BR> 1 = Binary group (4-bits) active <BR> Description: Loading Knob bit 3 <BR> I/O: Input (Active High) <BR> Chip Select Group: CS_A <BR> GPIO Port (Pin) Name: P5 <BR> Schematic Sheet of Interest: Front Panel, SPI GPIO input sheet <BR> Reference Designators of Interest: SW3, <BR> Note: Twelve positions is represented by these four bits (Loading Knob[3:0]) with zero base reference from 0 to 11 in binary count | C7: Front Panel, SPI GPIO input sheet | D7: SW3 | F7: Binary group (4-bits) not active | G7: Binary group (4-bits) active | H7: Loading Knob bit 3 | I7: Twelve positions is represented by these four bits (Loading Knob[3:0]) with zero base reference from 0 to 11 in binary count | J7: =VLOOKUP(LEFT(TRIM(A7),1),$U$2:$V$5,2,FALSE) -> Input (Active High) | K7: CS_A | L7: P5
A8: pXFORMER_A0 :1, | B8: =CONCATENATE("//* 0 = ",F8," <BR> 1 = ",G8," <BR> Description: ",H8," <BR> I/O: ",J8," <BR> Chip Select Group: ",K8," <BR> GPIO Port (Pin) Name: ",L8," <BR> Schematic Sheet of Interest: ",C8," <BR> Reference Designators of Interest: ", CONCATENATE(D8,", ",E8),IF(I8<>"",CONCATENATE(" <BR> Note: ",I8),"")) -> //* 0 = Binary group (2-bits) active <BR> 1 = Binary group (2-bits) not active <BR> Description: Transformer Mode Knob bit 0 <BR> I/O: Input (Active Low) <BR> Chip Select Group: CS_A <BR> GPIO Port (Pin) Name: P6 <BR> Schematic Sheet of Interest: Front Panel, SPI GPIO input sheet <BR> Reference Designators of Interest: SW2, <BR> Note: Transformer mode is simple binary mode 0 through 2: 0 is Transformer OUT, Modes 1 and 2 are implemented in algorithms herein | C8: Front Panel, SPI GPIO input sheet | D8: SW2 | F8: Binary group (2-bits) active | G8: Binary group (2-bits) not active | H8: Transformer Mode Knob bit 0 | I8: Transformer mode is simple binary mode 0 through 2: 0 is Transformer OUT, Modes 1 and 2 are implemented in algorithms herein | J8: =VLOOKUP(LEFT(TRIM(A8),1),$U$2:$V$5,2,FALSE) -> Input (Active Low) | K8: CS_A | L8: P6
A9: pXFORMER_A1 :1; | B9: =CONCATENATE("//* 0 = ",F9," <BR> 1 = ",G9," <BR> Description: ",H9," <BR> I/O: ",J9," <BR> Chip Select Group: ",K9," <BR> GPIO Port (Pin) Name: ",L9," <BR> Schematic Sheet of Interest: ",C9," <BR> Reference Designators of Interest: ", CONCATENATE(D9,", ",E9),IF(I9<>"",CONCATENATE(" <BR> Note: ",I9),"")) -> //* 0 = Binary group (2-bits) active <BR> 1 = Binary group (2-bits) not active <BR> Description: Transformer Mode Knob bit 1 <BR> I/O: Input (Active Low) <BR> Chip Select Group: CS_A <BR> GPIO Port (Pin) Name: P7 <BR> Schematic Sheet of Interest: Front Panel, SPI GPIO input sheet <BR> Reference Designators of Interest: SW2, <BR> Note: Transformer mode is simple binary mode 0 through 2: 0 is Transformer OUT, Modes 1 and 2 are implemented in algorithms herein | C9: Front Panel, SPI GPIO input sheet | D9: SW2 | F9: Binary group (2-bits) active | G9: Binary group (2-bits) not active | H9: Transformer Mode Knob bit 1 | I9: Transformer mode is simple binary mode 0 through 2: 0 is Transformer OUT, Modes 1 and 2 are implemented in algorithms herein | J9: =VLOOKUP(LEFT(TRIM(A9),1),$U$2:$V$5,2,FALSE) -> Input (Active Low) | K9: CS_A | L9: P7
A11: #define BYTE_INDEX_OUTLEVEL_KNOB 1
A12: #define BYTE_INDEX_FILTER_KNOB 1
A13: #define MASK_OUTLEVEL_KNOB 0b00111100
A14: #define SHIFT_OUTLEVEL_KNOB 2
A15: #define MASK_FILTER_KNOB 0b11000000
A16: #define SHIFT_FILTER_KNOB 6
A18: uchar
A19: pFILTER_A0 :1, | B19: =CONCATENATE("//* 0 = ",F19," <BR> 1 = ",G19," <BR> Description: ",H19," <BR> I/O: ",J19," <BR> Chip Select Group: ",K19," <BR> GPIO Port (Pin) Name: ",L19," <BR> Schematic Sheet of Interest: ",C19," <BR> Reference Designators of Interest: ", CONCATENATE(D19,", ",E19),IF(I19<>"",CONCATENATE(" <BR> Note: ",I19),"")) -> //* 0 = Binary group (2-bits) active <BR> 1 = Binary group (2-bits) not active <BR> Description: Filter Mode Knob bit 0 <BR> I/O: Input (Active Low) <BR> Chip Select Group: CS_A <BR> GPIO Port (Pin) Name: P8 <BR> Schematic Sheet of Interest: Front Panel, SPI GPIO input sheet <BR> Reference Designators of Interest: SW1, <BR> Note: Filter mode is simple binary mode 0 through 3: 0 is Filter OUT, Mode 1: Hi, Mode 2 Low, Mode 3 Duo | C19: Front Panel, SPI GPIO input sheet | D19: SW1 | F19: Binary group (2-bits) active | G19: Binary group (2-bits) not active | H19: Filter Mode Knob bit 0 | I19: Filter mode is simple binary mode 0 through 3: 0 is Filter OUT, Mode 1: Hi, Mode 2 Low, Mode 3 Duo | J19: =VLOOKUP(LEFT(TRIM(A19),1),$U$2:$V$5,2,FALSE) -> Input (Active Low) | K19: CS_A | L19: P8
A20: pFILTER_A1 :1, | B20: =CONCATENATE("//* 0 = ",F20," <BR> 1 = ",G20," <BR> Description: ",H20," <BR> I/O: ",J20," <BR> Chip Select Group: ",K20," <BR> GPIO Port (Pin) Name: ",L20," <BR> Schematic Sheet of Interest: ",C20," <BR> Reference Designators of Interest: ", CONCATENATE(D20,", ",E20),IF(I20<>"",CONCATENATE(" <BR> Note: ",I20),"")) -> //* 0 = Binary group (2-bits) active <BR> 1 = Binary group (2-bits) not active <BR> Description: Filter Mode Knob bit 1 <BR> I/O: Input (Active Low) <BR> Chip Select Group: CS_A <BR> GPIO Port (Pin) Name: P9 <BR> Schematic Sheet of Interest: Front Panel, SPI GPIO input sheet <BR> Reference Designators of Interest: SW1, <BR> Note: Filter mode is simple binary mode 0 through 3: 0 is Filter OUT, Mode 1: Hi, Mode 2 Low, Mode 3 Duo | C20: Front Panel, SPI GPIO input sheet | D20: SW1 | F20: Binary group (2-bits) active | G20: Binary group (2-bits) not active | H20: Filter Mode Knob bit 1 | I20: Filter mode is simple binary mode 0 through 3: 0 is Filter OUT, Mode 1: Hi, Mode 2 Low, Mode 3 Duo | J20: =VLOOKUP(LEFT(TRIM(A20),1),$U$2:$V$5,2,FALSE) -> Input (Active Low) | K20: CS_A | L20: P9
A21: bOUTLEVEL_A0 :1, | B21: =CONCATENATE("//* 0 = ",F21," <BR> 1 = ",G21," <BR> Description: ",H21," <BR> I/O: ",J21," <BR> Chip Select Group: ",K21," <BR> GPIO Port (Pin) Name: ",L21," <BR> Schematic Sheet of Interest: ",C21," <BR> Reference Designators of Interest: ", CONCATENATE(D21,", ",E21),IF(I21<>"",CONCATENATE(" <BR> Note: ",I21),"")) -> //* 0 = Binary group (4-bits) not active <BR> 1 = Binary group (4-bits) active <BR> Description: Output Level Gain Knob bit 0 <BR> I/O: Input (Active High) <BR> Chip Select Group: CS_A <BR> GPIO Port (Pin) Name: P10 <BR> Schematic Sheet of Interest: Front Panel, SPI GPIO input sheet <BR> Reference Designators of Interest: SW4, <BR> Note: Twelve positions is represented by these four bits (Output Level Knob[3:0]) with zero base reference from 0 to 11 in binary count | C21: Front Panel, SPI GPIO input sheet | D21: SW4 | F21: Binary group (4-bits) not active | G21: Binary group (4-bits) active | H21: Output Level Gain Knob bit 0 | I21: Twelve positions is represented by these four bits (Output Level Knob[3:0]) with zero base reference from 0 to 11 in binary count | J21: =VLOOKUP(LEFT(TRIM(A21),1),$U$2:$V$5,2,FALSE) -> Input (Active High) | K21: CS_A | L21: P10
A22: bOUTLEVEL_A1 :1, | B22: =CONCATENATE("//* 0 = ",F22," <BR> 1 = ",G22," <BR> Description: ",H22," <BR> I/O: ",J22," <BR> Chip Select Group: ",K22," <BR> GPIO Port (Pin) Name: ",L22," <BR> Schematic Sheet of Interest: ",C22," <BR> Reference Designators of Interest: ", CONCATENATE(D22,", ",E22),IF(I22<>"",CONCATENATE(" <BR> Note: ",I22),"")) -> //* 0 = Binary group (4-bits) not active <BR> 1 = Binary group (4-bits) active <BR> Description: Output Level Gain Knob bit 1 <BR> I/O: Input (Active High) <BR> Chip Select Group: CS_A <BR> GPIO Port (Pin) Name: P11 <BR> Schematic Sheet of Interest: Front Panel, SPI GPIO input sheet <BR> Reference Designators of Interest: SW4, <BR> Note: Twelve positions is represented by these four bits (Output Level Knob[3:0]) with zero base reference from 0 to 11 in binary count | C22: Front Panel, SPI GPIO input sheet | D22: SW4 | F22: Binary group (4-bits) not active | G22: Binary group (4-bits) active | H22: Output Level Gain Knob bit 1 | I22: Twelve positions is represented by these four bits (Output Level Knob[3:0]) with zero base reference from 0 to 11 in binary count | J22: =VLOOKUP(LEFT(TRIM(A22),1),$U$2:$V$5,2,FALSE) -> Input (Active High) | K22: CS_A | L22: P11
A23: bOUTLEVEL_A2 :1, | B23: =CONCATENATE("//* 0 = ",F23," <BR> 1 = ",G23," <BR> Description: ",H23," <BR> I/O: ",J23," <BR> Chip Select Group: ",K23," <BR> GPIO Port (Pin) Name: ",L23," <BR> Schematic Sheet of Interest: ",C23," <BR> Reference Designators of Interest: ", CONCATENATE(D23,", ",E23),IF(I23<>"",CONCATENATE(" <BR> Note: ",I23),"")) -> //* 0 = Binary group (4-bits) not active <BR> 1 = Binary group (4-bits) active <BR> Description: Output Level Gain Knob bit 2 <BR> I/O: Input (Active High) <BR> Chip Select Group: CS_A <BR> GPIO Port (Pin) Name: P12 <BR> Schematic Sheet of Interest: Front Panel, SPI GPIO input sheet <BR> Reference Designators of Interest: SW4, <BR> Note: Twelve positions is represented by these four bits (Output Level Knob[3:0]) with zero base reference from 0 to 11 in binary count | C23: Front Panel, SPI GPIO input sheet | D23: SW4 | F23: Binary group (4-bits) not active | G23: Binary group (4-bits) active | H23: Output Level Gain Knob bit 2 | I23: Twelve positions is represented by these four bits (Output Level Knob[3:0]) with zero base reference from 0 to 11 in binary count | J23: =VLOOKUP(LEFT(TRIM(A23),1),$U$2:$V$5,2,FALSE) -> Input (Active High) | K23: CS_A | L23: P12
A24: bOUTLEVEL_A3 :1, | B24: =CONCATENATE("//* 0 = ",F24," <BR> 1 = ",G24," <BR> Description: ",H24," <BR> I/O: ",J24," <BR> Chip Select Group: ",K24," <BR> GPIO Port (Pin) Name: ",L24," <BR> Schematic Sheet of Interest: ",C24," <BR> Reference Designators of Interest: ", CONCATENATE(D24,", ",E24),IF(I24<>"",CONCATENATE(" <BR> Note: ",I24),"")) -> //* 0 = Binary group (4-bits) not active <BR> 1 = Binary group (4-bits) active <BR> Description: Output Level Gain Knob bit 3 <BR> I/O: Input (Active High) <BR> Chip Select Group: CS_A <BR> GPIO Port (Pin) Name: P13 <BR> Schematic Sheet of Interest: Front Panel, SPI GPIO input sheet <BR> Reference Designators of Interest: SW4, <BR> Note: Twelve positions is represented by these four bits (Output Level Knob[3:0]) with zero base reference from 0 to 11 in binary count | C24: Front Panel, SPI GPIO input sheet | D24: SW4 | F24: Binary group (4-bits) not active | G24: Binary group (4-bits) active | H24: Output Level Gain Knob bit 3 | I24: Twelve positions is represented by these four bits (Output Level Knob[3:0]) with zero base reference from 0 to 11 in binary count | J24: =VLOOKUP(LEFT(TRIM(A24),1),$U$2:$V$5,2,FALSE) -> Input (Active High) | K24: CS_A | L24: P13
A25: pFRAC_0P5DB :1, | B25: =CONCATENATE("//* 0 = ",F25," <BR> 1 = ",G25," <BR> Description: ",H25," <BR> I/O: ",J25," <BR> Chip Select Group: ",K25," <BR> GPIO Port (Pin) Name: ",L25," <BR> Schematic Sheet of Interest: ",C25," <BR> Reference Designators of Interest: ", CONCATENATE(D25,", ",E25),IF(I25<>"",CONCATENATE(" <BR> Note: ",I25),"")) -> //* 0 = Output level fractional gain/attenuation 0.5dB <BR> 1 = Output level fractional gain/attenuation not set for 0.5dB <BR> Description: Output Level Fractional gain/attenuation 0.5dB <BR> I/O: Input (Active Low) <BR> Chip Select Group: CS_A <BR> GPIO Port (Pin) Name: P14 <BR> Schematic Sheet of Interest: Front Panel, SPI GPIO input sheet <BR> Reference Designators of Interest: S2, <BR> Note: 0.25dB is center off on this switch and is calculated when neither 0.5dB or 0dB are engaged | C25: Front Panel, SPI GPIO input sheet | D25: S2 | F25: Output level fractional gain/attenuation 0.5dB | G25: Output level fractional gain/attenuation not set for 0.5dB | H25: Output Level Fractional gain/attenuation 0.5dB | I25: 0.25dB is center off on this switch and is calculated when neither 0.5dB or 0dB are engaged | J25: =VLOOKUP(LEFT(TRIM(A25),1),$U$2:$V$5,2,FALSE) -> Input (Active Low) | K25: CS_A | L25: P14
A26: pFRAC_0DB :1; | B26: =CONCATENATE("//* 0 = ",F26," <BR> 1 = ",G26," <BR> Description: ",H26," <BR> I/O: ",J26," <BR> Chip Select Group: ",K26," <BR> GPIO Port (Pin) Name: ",L26," <BR> Schematic Sheet of Interest: ",C26," <BR> Reference Designators of Interest: ", CONCATENATE(D26,", ",E26),IF(I26<>"",CONCATENATE(" <BR> Note: ",I26),"")) -> //* 0 = Output level fractional gain/attenuation 0dB <BR> 1 = Output level fractional gain/attenuation not set for 0dB <BR> Description: Output Level Fractional gain/attenuation 0dB <BR> I/O: Input (Active Low) <BR> Chip Select Group: CS_A <BR> GPIO Port (Pin) Name: P15 <BR> Schematic Sheet of Interest: Front Panel, SPI GPIO input sheet <BR> Reference Designators of Interest: S2, <BR> Note: 0.25dB is center off on this switch and is calculated when neither 0.5dB or 0dB are engaged | C26: Front Panel, SPI GPIO input sheet | D26: S2 | F26: Output level fractional gain/attenuation 0dB | G26: Output level fractional gain/attenuation not set for 0dB | H26: Output Level Fractional gain/attenuation 0dB | I26: 0.25dB is center off on this switch and is calculated when neither 0.5dB or 0dB are engaged | J26: =VLOOKUP(LEFT(TRIM(A26),1),$U$2:$V$5,2,FALSE) -> Input (Active Low) | K26: CS_A | L26: P15
A29: #define OUTLEVEL_BYTE_GROUP 2
A30: uchar
A31: dOUTLEVEL_0_RANGE :1, | B31: =CONCATENATE("//* 0 = ",F31," <BR> 1 = ",G31," <BR> Description: ",H31," <BR> I/O: ",J31," <BR> Chip Select Group: ",K31," <BR> GPIO Port (Pin) Name: ",L31," <BR> Schematic Sheet of Interest: ",C31," <BR> Reference Designators of Interest: ", CONCATENATE(D31,", ",E31),IF(I31<>"",CONCATENATE(" <BR> Note: ",I31),"")) -> //* 0 = Relay not engaged, Odd dB values are selected <BR> 1 = Relay Engaged, Even dB levels selected <BR> Description: Seven relay ladder range (even or odd gains/attenuations): Output Level K0 (Range) even/odd dB selection <BR> I/O: Output (Active High) <BR> Chip Select Group: CS_B <BR> GPIO Port (Pin) Name: P0 <BR> Schematic Sheet of Interest: Output Level <BR> Reference Designators of Interest: K13, K26 | C31: Output Level | D31: K13 | E31: K26 | F31: Relay not engaged, Odd dB values are selected | G31: Relay Engaged, Even dB levels selected | H31: Seven relay ladder range (even or odd gains/attenuations): Output Level K0 (Range) even/odd dB selection | J31: =VLOOKUP(LEFT(TRIM(A31),1),$U$2:$V$5,2,FALSE) -> Output (Active High) | K31: CS_B | L31: P0
A32: dOUTLEVEL_1 :1, | B32: =CONCATENATE("//* 0 = ",F32," <BR> 1 = ",G32," <BR> Description: ",H32," <BR> I/O: ",J32," <BR> Chip Select Group: ",K32," <BR> GPIO Port (Pin) Name: ",L32," <BR> Schematic Sheet of Interest: ",C32," <BR> Reference Designators of Interest: ", CONCATENATE(D32,", ",E32),IF(I32<>"",CONCATENATE(" <BR> Note: ",I32),"")) -> //* 0 = Relay not engaged, 0dB or 1dB depending upon Range Relay (K0 RANGE) for even or odd dB level selection <BR> 1 = Relay engaged, 0dB or 1dB not selected <BR> Description: Seven relay ladder, relay 1 <BR> I/O: Output (Active High) <BR> Chip Select Group: CS_B <BR> GPIO Port (Pin) Name: P1 <BR> Schematic Sheet of Interest: Output Level <BR> Reference Designators of Interest: K19, K32 <BR> Note: Relay has highest wired priority when setting gain/attenuation. <BR> Relay is opposite polarity than other relays in this ladder to account for relay priority when brown-out or power down (this relay takes precedence to drop gain closer to 0dB during power down or brown-out; mechanically / electrically rather than "softwarely") | C32: Output Level | D32: K19 | E32: K32 | F32: Relay not engaged, 0dB or 1dB depending upon Range Relay (K0 RANGE) for even or odd dB level selection | G32: Relay engaged, 0dB or 1dB not selected | H32: Seven relay ladder, relay 1 | I32: Relay has highest wired priority when setting gain/attenuation. <BR> Relay is opposite polarity than other relays in this ladder to account for relay priority when brown-out or power down (this relay takes precedence to drop gain closer to 0dB during power down or brown-out; mechanically / electrically rather than "softwarely") | J32: =VLOOKUP(LEFT(TRIM(A32),1),$U$2:$V$5,2,FALSE) -> Output (Active High) | K32: CS_B | L32: P1
A33: dOUTLEVEL_2 :1, | B33: =CONCATENATE("//* 0 = ",F33," <BR> 1 = ",G33," <BR> Description: ",H33," <BR> I/O: ",J33," <BR> Chip Select Group: ",K33," <BR> GPIO Port (Pin) Name: ",L33," <BR> Schematic Sheet of Interest: ",C33," <BR> Reference Designators of Interest: ", CONCATENATE(D33,", ",E33),IF(I33<>"",CONCATENATE(" <BR> Note: ",I33),"")) -> //* 0 = Relay not engaged, 2dB or 3dB not selected <BR> 1 = Relay engaged, 2dB or 3dB depending upon Range relay (K0 RANGE) for even or odd dB level selection <BR> Description: Seven relay ladder, relay 2 <BR> I/O: Output (Active High) <BR> Chip Select Group: CS_B <BR> GPIO Port (Pin) Name: P2 <BR> Schematic Sheet of Interest: Output Level <BR> Reference Designators of Interest: K18, K31 | C33: Output Level | D33: K18 | E33: K31 | F33: Relay not engaged, 2dB or 3dB not selected | G33: Relay engaged, 2dB or 3dB depending upon Range relay (K0 RANGE) for even or odd dB level selection | H33: Seven relay ladder, relay 2 | J33: =VLOOKUP(LEFT(TRIM(A33),1),$U$2:$V$5,2,FALSE) -> Output (Active High) | K33: CS_B | L33: P2
A34: dOUTLEVEL_3 :1, | B34: =CONCATENATE("//* 0 = ",F34," <BR> 1 = ",G34," <BR> Description: ",H34," <BR> I/O: ",J34," <BR> Chip Select Group: ",K34," <BR> GPIO Port (Pin) Name: ",L34," <BR> Schematic Sheet of Interest: ",C34," <BR> Reference Designators of Interest: ", CONCATENATE(D34,", ",E34),IF(I34<>"",CONCATENATE(" <BR> Note: ",I34),"")) -> //* 0 = Relay not engaged, 4dB or 5dB not selected <BR> 1 = Relay engaged, 4dB or 5dB depending upon Range relay (K0 RANGE) for even or odd dB level selection <BR> Description: Seven relay ladder, relay 3 <BR> I/O: Output (Active High) <BR> Chip Select Group: CS_B <BR> GPIO Port (Pin) Name: P3 <BR> Schematic Sheet of Interest: Output Level <BR> Reference Designators of Interest: K17, K30 | C34: Output Level | D34: K17 | E34: K30 | F34: Relay not engaged, 4dB or 5dB not selected | G34: Relay engaged, 4dB or 5dB depending upon Range relay (K0 RANGE) for even or odd dB level selection | H34: Seven relay ladder, relay 3 | J34: =VLOOKUP(LEFT(TRIM(A34),1),$U$2:$V$5,2,FALSE) -> Output (Active High) | K34: CS_B | L34: P3
A35: dOUTLEVEL_4 :1, | B35: =CONCATENATE("//* 0 = ",F35," <BR> 1 = ",G35," <BR> Description: ",H35," <BR> I/O: ",J35," <BR> Chip Select Group: ",K35," <BR> GPIO Port (Pin) Name: ",L35," <BR> Schematic Sheet of Interest: ",C35," <BR> Reference Designators of Interest: ", CONCATENATE(D35,", ",E35),IF(I35<>"",CONCATENATE(" <BR> Note: ",I35),"")) -> //* 0 = Relay not engaged, 6dB or 7dB not selected <BR> 1 = Relay engaged, 6dB or 7dB depending upon Range relay (K0 RANGE) for even or odd dB level selection <BR> Description: Seven relay ladder, relay 4 <BR> I/O: Output (Active High) <BR> Chip Select Group: CS_B <BR> GPIO Port (Pin) Name: P4 <BR> Schematic Sheet of Interest: Output Level <BR> Reference Designators of Interest: K16, K29 | C35: Output Level | D35: K16 | E35: K29 | F35: Relay not engaged, 6dB or 7dB not selected | G35: Relay engaged, 6dB or 7dB depending upon Range relay (K0 RANGE) for even or odd dB level selection | H35: Seven relay ladder, relay 4 | J35: =VLOOKUP(LEFT(TRIM(A35),1),$U$2:$V$5,2,FALSE) -> Output (Active High) | K35: CS_B | L35: P4
A36: dOUTLEVEL_5 :1, | B36: =CONCATENATE("//* 0 = ",F36," <BR> 1 = ",G36," <BR> Description: ",H36," <BR> I/O: ",J36," <BR> Chip Select Group: ",K36," <BR> GPIO Port (Pin) Name: ",L36," <BR> Schematic Sheet of Interest: ",C36," <BR> Reference Designators of Interest: ", CONCATENATE(D36,", ",E36),IF(I36<>"",CONCATENATE(" <BR> Note: ",I36),"")) -> //* 0 = Relay not engaged, 8dB or 9dB not selected <BR> 1 = Relay engaged, 8dB or 9dB depending upon Range relay (K0 RANGE) for even or odd dB level selection <BR> Description: Seven relay ladder, relay 5 <BR> I/O: Output (Active High) <BR> Chip Select Group: CS_B <BR> GPIO Port (Pin) Name: P5 <BR> Schematic Sheet of Interest: Output Level <BR> Reference Designators of Interest: K15, K28 | C36: Output Level | D36: K15 | E36: K28 | F36: Relay not engaged, 8dB or 9dB not selected | G36: Relay engaged, 8dB or 9dB depending upon Range relay (K0 RANGE) for even or odd dB level selection | H36: Seven relay ladder, relay 5 | J36: =VLOOKUP(LEFT(TRIM(A36),1),$U$2:$V$5,2,FALSE) -> Output (Active High) | K36: CS_B | L36: P5
A37: dOUTLEVEL_6 :1, | B37: =CONCATENATE("//* 0 = ",F37," <BR> 1 = ",G37," <BR> Description: ",H37," <BR> I/O: ",J37," <BR> Chip Select Group: ",K37," <BR> GPIO Port (Pin) Name: ",L37," <BR> Schematic Sheet of Interest: ",C37," <BR> Reference Designators of Interest: ", CONCATENATE(D37,", ",E37),IF(I37<>"",CONCATENATE(" <BR> Note: ",I37),"")) -> //* 0 = Relay not engaged, 10dB or 11dB not selected <BR> 1 = Relay engaged, 10dB or 11dB depending upon Range relay (K0 RANGE) for even or odd dB level selection <BR> Description: Seven relay ladder, relay 6 <BR> I/O: Output (Active High) <BR> Chip Select Group: CS_B <BR> GPIO Port (Pin) Name: P6 <BR> Schematic Sheet of Interest: Output Level <BR> Reference Designators of Interest: K14, K27 <BR> Note: Relay has least wired priority | C37: Output Level | D37: K14 | E37: K27 | F37: Relay not engaged, 10dB or 11dB not selected | G37: Relay engaged, 10dB or 11dB depending upon Range relay (K0 RANGE) for even or odd dB level selection | H37: Seven relay ladder, relay 6 | I37: Relay has least wired priority | J37: =VLOOKUP(LEFT(TRIM(A37),1),$U$2:$V$5,2,FALSE) -> Output (Active High) | K37: CS_B | L37: P6
A38: dOUTLEVEL_0_25 :1; | B38: =CONCATENATE("//* 0 = ",F38," <BR> 1 = ",G38," <BR> Description: ",H38," <BR> I/O: ",J38," <BR> Chip Select Group: ",K38," <BR> GPIO Port (Pin) Name: ",L38," <BR> Schematic Sheet of Interest: ",C38," <BR> Reference Designators of Interest: ", CONCATENATE(D38,", ",E38),IF(I38<>"",CONCATENATE(" <BR> Note: ",I38),"")) -> //* 0 = Relay not engaged, 0.25 fractional gain/attenuation not selected <BR> 1 = Gain or attenuated by 0.25dB depending upon boost or cut status <BR> Description: Fractional gain relay 0.25dB <BR> I/O: Output (Active High) <BR> Chip Select Group: CS_B <BR> GPIO Port (Pin) Name: P7 <BR> Schematic Sheet of Interest: Output Level <BR> Reference Designators of Interest: K20, K33 | C38: Output Level | D38: K20 | E38: K33 | F38: Relay not engaged, 0.25 fractional gain/attenuation not selected | G38: Gain or attenuated by 0.25dB depending upon boost or cut status | H38: Fractional gain relay 0.25dB | J38: =VLOOKUP(LEFT(TRIM(A38),1),$U$2:$V$5,2,FALSE) -> Output (Active High) | K38: CS_B | L38: P7
A40: #define XFORMER_BYTE_GROUP 3
A41: uchar
A42: dOUTLEVEL_0_5 :1, | B42: =CONCATENATE("//* 0 = ",F42," <BR> 1 = ",G42," <BR> Description: ",H42," <BR> I/O: ",J42," <BR> Chip Select Group: ",K42," <BR> GPIO Port (Pin) Name: ",L42," <BR> Schematic Sheet of Interest: ",C42," <BR> Reference Designators of Interest: ", CONCATENATE(D42,", ",E42),IF(I42<>"",CONCATENATE(" <BR> Note: ",I42),"")) -> //* 0 = Relay not engaged, 0.5 fractional gain/attenuation not selected <BR> 1 = Relay engaged, gain or attenuate by 0.5dB depending upon boost or cut status <BR> Description: Fractional gain relay 0.5dB <BR> I/O: Output (Active High) <BR> Chip Select Group: CS_B <BR> GPIO Port (Pin) Name: P8 <BR> Schematic Sheet of Interest: Output Level <BR> Reference Designators of Interest: K21, K34 | C42: Output Level | D42: K21 | E42: K34 | F42: Relay not engaged, 0.5 fractional gain/attenuation not selected | G42: Relay engaged, gain or attenuate by 0.5dB depending upon boost or cut status | H42: Fractional gain relay 0.5dB | J42: =VLOOKUP(LEFT(TRIM(A42),1),$U$2:$V$5,2,FALSE) -> Output (Active High) | K42: CS_B | L42: P8
A43: dOUTLEVEL_BOOST :1, | B43: =CONCATENATE("//* 0 = ",F43," <BR> 1 = ",G43," <BR> Description: ",H43," <BR> I/O: ",J43," <BR> Chip Select Group: ",K43," <BR> GPIO Port (Pin) Name: ",L43," <BR> Schematic Sheet of Interest: ",C43," <BR> Reference Designators of Interest: ", CONCATENATE(D43,", ",E43),IF(I43<>"",CONCATENATE(" <BR> Note: ",I43),"")) -> //* 0 = Relays not engaged, Output Level in CUT mode <BR> 1 = Relays engaged, Output Level in BOOST mode <BR> Description: Output Level boost or cut mode relay <BR> I/O: Output (Active High) <BR> Chip Select Group: CS_B <BR> GPIO Port (Pin) Name: P9 <BR> Schematic Sheet of Interest: Output Level <BR> Reference Designators of Interest: K11, K12, K24, and K25 <BR> Note: This swaps T-network resistors to be either on the gain side of the opamp or on the attenuation side of the opamp. Fractional T-network resistors are always on the opposite side of the main whole dB T-network resistors; when attenuating by whole dB resistor values, fractional resistor values are gain values and vice versa. | C43: Output Level | D43: K11, K12 | E43: K24, and K25 | F43: Relays not engaged, Output Level in CUT mode | G43: Relays engaged, Output Level in BOOST mode | H43: Output Level boost or cut mode relay | I43: This swaps T-network resistors to be either on the gain side of the opamp or on the attenuation side of the opamp. Fractional T-network resistors are always on the opposite side of the main whole dB T-network resistors; when attenuating by whole dB resistor values, fractional resistor values are gain values and vice versa. | J43: =VLOOKUP(LEFT(TRIM(A43),1),$U$2:$V$5,2,FALSE) -> Output (Active High) | K43: CS_B | L43: P9
A44: dXFORMER_SEC :1, | B44: =CONCATENATE("//* 0 = ",F44," <BR> 1 = ",G44," <BR> Description: ",H44," <BR> I/O: ",J44," <BR> Chip Select Group: ",K44," <BR> GPIO Port (Pin) Name: ",L44," <BR> Schematic Sheet of Interest: ",C44," <BR> Reference Designators of Interest: ", CONCATENATE(D44,", ",E44),IF(I44<>"",CONCATENATE(" <BR> Note: ",I44),"")) -> //* 0 = Relay not engaged, Transformer not in circuit <BR> 1 = <BR> Description: <BR> I/O: Output (Active High) <BR> Chip Select Group: CS_B <BR> GPIO Port (Pin) Name: P10 <BR> Schematic Sheet of Interest: Transformer <BR> Reference Designators of Interest: K53, K57 | C44: Transformer | D44: K53 | E44: K57 | F44: Relay not engaged, Transformer not in circuit | J44: =VLOOKUP(LEFT(TRIM(A44),1),$U$2:$V$5,2,FALSE) -> Output (Active High) | K44: CS_B | L44: P10
A45: dXFORMER_MODE2 :1, | B45: =CONCATENATE("//* 0 = ",F45," <BR> 1 = ",G45," <BR> Description: ",H45," <BR> I/O: ",J45," <BR> Chip Select Group: ",K45," <BR> GPIO Port (Pin) Name: ",L45," <BR> Schematic Sheet of Interest: ",C45," <BR> Reference Designators of Interest: ", CONCATENATE(D45,", ",E45),IF(I45<>"",CONCATENATE(" <BR> Note: ",I45),"")) -> //* 0 = Relay not engaged, Mode 1 (if Transformer is "in") <BR> 1 = <BR> Description: <BR> I/O: Output (Active High) <BR> Chip Select Group: CS_B <BR> GPIO Port (Pin) Name: P11 <BR> Schematic Sheet of Interest: Transformer <BR> Reference Designators of Interest: K54, K58 | C45: Transformer | D45: K54 | E45: K58 | F45: Relay not engaged, Mode 1 (if Transformer is "in") | J45: =VLOOKUP(LEFT(TRIM(A45),1),$U$2:$V$5,2,FALSE) -> Output (Active High) | K45: CS_B | L45: P11
A46: dXFORMER_PRI :1, | B46: =CONCATENATE("//* 0 = ",F46," <BR> 1 = ",G46," <BR> Description: ",H46," <BR> I/O: ",J46," <BR> Chip Select Group: ",K46," <BR> GPIO Port (Pin) Name: ",L46," <BR> Schematic Sheet of Interest: ",C46," <BR> Reference Designators of Interest: ", CONCATENATE(D46,", ",E46),IF(I46<>"",CONCATENATE(" <BR> Note: ",I46),"")) -> //* 0 = Relay not engaged, primary of transformer not energized (other than any bleeder resistance used for anti-pop) <BR> 1 = <BR> Description: <BR> I/O: Output (Active High) <BR> Chip Select Group: CS_B <BR> GPIO Port (Pin) Name: P12 <BR> Schematic Sheet of Interest: Transformer <BR> Reference Designators of Interest: K55, K59 | C46: Transformer | D46: K55 | E46: K59 | F46: Relay not engaged, primary of transformer not energized (other than any bleeder resistance used for anti-pop) | J46: =VLOOKUP(LEFT(TRIM(A46),1),$U$2:$V$5,2,FALSE) -> Output (Active High) | K46: CS_B | L46: P12
A47: dMIX_XFORMER_DB_TUNE:1, | B47: =CONCATENATE("//* 0 = ",F47," <BR> 1 = ",G47," <BR> Description: ",H47," <BR> I/O: ",J47," <BR> Chip Select Group: ",K47," <BR> GPIO Port (Pin) Name: ",L47," <BR> Schematic Sheet of Interest: ",C47," <BR> Reference Designators of Interest: ", CONCATENATE(D47,", ",E47),IF(I47<>"",CONCATENATE(" <BR> Note: ",I47),"")) -> //* 0 = Relay not engaged, tuning of opamp gain to overcome Transformer insertion loss is not engaged <BR> 1 = Relay engaged, Mode 1 or Mode 2 of Transformer operation will select gain tuning resistors/potentiometers to change gain of this mixer opamp to overcome any transformer insertion loss <BR> Description: <BR> I/O: Output (Active High) <BR> Chip Select Group: CS_B <BR> GPIO Port (Pin) Name: P13 <BR> Schematic Sheet of Interest: Output MIX <BR> Reference Designators of Interest: K22, K23 | C47: Output MIX | D47: K22 | E47: K23 | F47: Relay not engaged, tuning of opamp gain to overcome Transformer insertion loss is not engaged | G47: Relay engaged, Mode 1 or Mode 2 of Transformer operation will select gain tuning resistors/potentiometers to change gain of this mixer opamp to overcome any transformer insertion loss | J47: =VLOOKUP(LEFT(TRIM(A47),1),$U$2:$V$5,2,FALSE) -> Output (Active High) | K47: CS_B | L47: P13
A48: pFB_CLEAN :1, | B48: =CONCATENATE("//* 0 = ",F48," <BR> 1 = ",G48," <BR> Description: ",H48," <BR> I/O: ",J48," <BR> Chip Select Group: ",K48," <BR> GPIO Port (Pin) Name: ",L48," <BR> Schematic Sheet of Interest: ",C48," <BR> Reference Designators of Interest: ", CONCATENATE(D48,", ",E48),IF(I48<>"",CONCATENATE(" <BR> Note: ",I48),"")) -> //* 0 = Mode switch set for Tube Opamp Feedback mode ("Clean Mode") <BR> 1 = Mode switch set for Tube Opamp Feedforward mode ("Bloom Mode") <BR> Description: Front Panel input for Tube Opamp mode (feedback or feedforward mode of operation, e.g., clean versus bloom modes) <BR> I/O: Input (Active Low) <BR> Chip Select Group: CS_B <BR> GPIO Port (Pin) Name: P14 <BR> Schematic Sheet of Interest: Front Panel, SPI GPIO input sheet <BR> Reference Designators of Interest: , | C48: Front Panel, SPI GPIO input sheet | F48: Mode switch set for Tube Opamp Feedback mode ("Clean Mode") | G48: Mode switch set for Tube Opamp Feedforward mode ("Bloom Mode") | H48: Front Panel input for Tube Opamp mode (feedback or feedforward mode of operation, e.g., clean versus bloom modes) | J48: =VLOOKUP(LEFT(TRIM(A48),1),$U$2:$V$5,2,FALSE) -> Input (Active Low) | K48: CS_B | L48: P14
A49: pMODE :1; | B49: =CONCATENATE("//* 0 = ",F49," <BR> 1 = ",G49," <BR> Description: ",H49," <BR> I/O: ",J49," <BR> Chip Select Group: ",K49," <BR> GPIO Port (Pin) Name: ",L49," <BR> Schematic Sheet of Interest: ",C49," <BR> Reference Designators of Interest: ", CONCATENATE(D49,", ",E49),IF(I49<>"",CONCATENATE(" <BR> Note: ",I49),"")) -> //* 0 = Mode switch on momentary position, change overall system modes as programmed (e.g., pre versus post padding, or open system mode, or link channels selection) <BR> 1 = Mode switch not in momentary actuation <BR> Description: Front Panel input for Mode momentary toggle position (far right) to operate overall System mode (open, pre, post, link, LED brightness control) <BR> I/O: Input (Active Low) <BR> Chip Select Group: CS_B <BR> GPIO Port (Pin) Name: P15 <BR> Schematic Sheet of Interest: Front Panel, SPI GPIO input sheet <BR> Reference Designators of Interest: , | C49: Front Panel, SPI GPIO input sheet | F49: Mode switch on momentary position, change overall system modes as programmed (e.g., pre versus post padding, or open system mode, or link channels selection) | G49: Mode switch not in momentary actuation | H49: Front Panel input for Mode momentary toggle position (far right) to operate overall System mode (open, pre, post, link, LED brightness control) | J49: =VLOOKUP(LEFT(TRIM(A49),1),$U$2:$V$5,2,FALSE) -> Input (Active Low) | K49: CS_B | L49: P15
A51: #define LOADING_BYTE_GROUP 4
A52: uchar
A53: dTUBE_FF :1, | B53: =CONCATENATE("//* 0 = ",F53," <BR> 1 = ",G53," <BR> Description: ",H53," <BR> I/O: ",J53," <BR> Chip Select Group: ",K53," <BR> GPIO Port (Pin) Name: ",L53," <BR> Schematic Sheet of Interest: ",C53," <BR> Reference Designators of Interest: ", CONCATENATE(D53,", ",E53),IF(I53<>"",CONCATENATE(" <BR> Note: ",I53),"")) -> //* 0 = Relay not engaged, Feedforward (FF) not selected <BR> 1 = Relay engaged, Feedforward (FF) bloom mode switch position 12, or constant feedforward maximum gain for feedback mode (feedback reduces gain depending upon switch position) <BR> Description: <BR> I/O: Output (Active High) <BR> Chip Select Group: CS_C <BR> GPIO Port (Pin) Name: P0 <BR> Schematic Sheet of Interest: Fully Differential Tube Opamp <BR> Reference Designators of Interest: K12, K24 | C53: Fully Differential Tube Opamp | D53: K12 | E53: K24 | F53: Relay not engaged, Feedforward (FF) not selected | G53: Relay engaged, Feedforward (FF) bloom mode switch position 12, or constant feedforward maximum gain for feedback mode (feedback reduces gain depending upon switch position) | J53: =VLOOKUP(LEFT(TRIM(A53),1),$U$2:$V$5,2,FALSE) -> Output (Active High) | K53: CS_C | L53: P0
A54: dTUBE_2DB :1, | B54: =CONCATENATE("//* 0 = ",F54," <BR> 1 = ",G54," <BR> Description: ",H54," <BR> I/O: ",J54," <BR> Chip Select Group: ",K54," <BR> GPIO Port (Pin) Name: ",L54," <BR> Schematic Sheet of Interest: ",C54," <BR> Reference Designators of Interest: ", CONCATENATE(D54,", ",E54),IF(I54<>"",CONCATENATE(" <BR> Note: ",I54),"")) -> //* 0 = Relay not engaged, 2dB tube gain not selected <BR> 1 = Relay engaged, 2dB of FF gain or feedback applied for 2dB of overall gain (depending upon FF versus FB modes of operation) <BR> Description: 2dB feedforward gain, or feedback applied to create 2dB of overall gain <BR> I/O: Output (Active High) <BR> Chip Select Group: CS_C <BR> GPIO Port (Pin) Name: P1 <BR> Schematic Sheet of Interest: Fully Differential Tube Opamp <BR> Reference Designators of Interest: K11, K23 | C54: Fully Differential Tube Opamp | D54: K11 | E54: K23 | F54: Relay not engaged, 2dB tube gain not selected | G54: Relay engaged, 2dB of FF gain or feedback applied for 2dB of overall gain (depending upon FF versus FB modes of operation) | H54: 2dB feedforward gain, or feedback applied to create 2dB of overall gain | J54: =VLOOKUP(LEFT(TRIM(A54),1),$U$2:$V$5,2,FALSE) -> Output (Active High) | K54: CS_C | L54: P1
A55: dTUBE_3DB :1, | B55: =CONCATENATE("//* 0 = ",F55," <BR> 1 = ",G55," <BR> Description: ",H55," <BR> I/O: ",J55," <BR> Chip Select Group: ",K55," <BR> GPIO Port (Pin) Name: ",L55," <BR> Schematic Sheet of Interest: ",C55," <BR> Reference Designators of Interest: ", CONCATENATE(D55,", ",E55),IF(I55<>"",CONCATENATE(" <BR> Note: ",I55),"")) -> //* 0 = Relay not engaged, 3dB tube gain not selected <BR> 1 = Relay engaged, 3dB of FF gain or feedback applied for 3dB of overall gain (depending upon FF versus FB modes of operation) <BR> Description: 3dB feedforward gain, or feedback applied to create 3dB of overall gain <BR> I/O: Output (Active High) <BR> Chip Select Group: CS_C <BR> GPIO Port (Pin) Name: P2 <BR> Schematic Sheet of Interest: Fully Differential Tube Opamp <BR> Reference Designators of Interest: K10, K22 | C55: Fully Differential Tube Opamp | D55: K10 | E55: K22 | F55: Relay not engaged, 3dB tube gain not selected | G55: Relay engaged, 3dB of FF gain or feedback applied for 3dB of overall gain (depending upon FF versus FB modes of operation) | H55: 3dB feedforward gain, or feedback applied to create 3dB of overall gain | J55: =VLOOKUP(LEFT(TRIM(A55),1),$U$2:$V$5,2,FALSE) -> Output (Active High) | K55: CS_C | L55: P2
A56: dTUBE_4DB :1, | B56: =CONCATENATE("//* 0 = ",F56," <BR> 1 = ",G56," <BR> Description: ",H56," <BR> I/O: ",J56," <BR> Chip Select Group: ",K56," <BR> GPIO Port (Pin) Name: ",L56," <BR> Schematic Sheet of Interest: ",C56," <BR> Reference Designators of Interest: ", CONCATENATE(D56,", ",E56),IF(I56<>"",CONCATENATE(" <BR> Note: ",I56),"")) -> //* 0 = Relay not engaged, 4dB tube gain not selected <BR> 1 = Relay engaged, 4dB of FF gain or feedback applied for 4dB of overall gain (depending upon FF versus FB modes of operation) <BR> Description: 4dB feedforward gain, or feedback applied to create 4dB of overall gain <BR> I/O: Output (Active High) <BR> Chip Select Group: CS_C <BR> GPIO Port (Pin) Name: P3 <BR> Schematic Sheet of Interest: Fully Differential Tube Opamp <BR> Reference Designators of Interest: K9, K21 | C56: Fully Differential Tube Opamp | D56: K9 | E56: K21 | F56: Relay not engaged, 4dB tube gain not selected | G56: Relay engaged, 4dB of FF gain or feedback applied for 4dB of overall gain (depending upon FF versus FB modes of operation) | H56: 4dB feedforward gain, or feedback applied to create 4dB of overall gain | J56: =VLOOKUP(LEFT(TRIM(A56),1),$U$2:$V$5,2,FALSE) -> Output (Active High) | K56: CS_C | L56: P3
A57: dTUBE_5DB :1, | B57: =CONCATENATE("//* 0 = ",F57," <BR> 1 = ",G57," <BR> Description: ",H57," <BR> I/O: ",J57," <BR> Chip Select Group: ",K57," <BR> GPIO Port (Pin) Name: ",L57," <BR> Schematic Sheet of Interest: ",C57," <BR> Reference Designators of Interest: ", CONCATENATE(D57,", ",E57),IF(I57<>"",CONCATENATE(" <BR> Note: ",I57),"")) -> //* 0 = Relay not engaged, 5dB tube gain not selected <BR> 1 = Relay engaged, 5dB of FF gain or feedback applied for 5dB of overall gain (depending upon FF versus FB modes of operation) <BR> Description: 5dB feedforward gain, or feedback applied to create 5dB of overall gain <BR> I/O: Output (Active High) <BR> Chip Select Group: CS_C <BR> GPIO Port (Pin) Name: P4 <BR> Schematic Sheet of Interest: Fully Differential Tube Opamp <BR> Reference Designators of Interest: K8, K20 | C57: Fully Differential Tube Opamp | D57: K8 | E57: K20 | F57: Relay not engaged, 5dB tube gain not selected | G57: Relay engaged, 5dB of FF gain or feedback applied for 5dB of overall gain (depending upon FF versus FB modes of operation) | H57: 5dB feedforward gain, or feedback applied to create 5dB of overall gain | J57: =VLOOKUP(LEFT(TRIM(A57),1),$U$2:$V$5,2,FALSE) -> Output (Active High) | K57: CS_C | L57: P4
A58: dTUBE_6DB :1, | B58: =CONCATENATE("//* 0 = ",F58," <BR> 1 = ",G58," <BR> Description: ",H58," <BR> I/O: ",J58," <BR> Chip Select Group: ",K58," <BR> GPIO Port (Pin) Name: ",L58," <BR> Schematic Sheet of Interest: ",C58," <BR> Reference Designators of Interest: ", CONCATENATE(D58,", ",E58),IF(I58<>"",CONCATENATE(" <BR> Note: ",I58),"")) -> //* 0 = Relay not engaged, 6dB tube gain not selected <BR> 1 = Relay engaged, 6dB of FF gain or feedback applied for 6dB of overall gain (depending upon FF versus FB modes of operation) <BR> Description: 6dB feedforward gain, or feedback applied to create 6dB of overall gain <BR> I/O: Output (Active High) <BR> Chip Select Group: CS_C <BR> GPIO Port (Pin) Name: P5 <BR> Schematic Sheet of Interest: Fully Differential Tube Opamp <BR> Reference Designators of Interest: K7, K19 | C58: Fully Differential Tube Opamp | D58: K7 | E58: K19 | F58: Relay not engaged, 6dB tube gain not selected | G58: Relay engaged, 6dB of FF gain or feedback applied for 6dB of overall gain (depending upon FF versus FB modes of operation) | H58: 6dB feedforward gain, or feedback applied to create 6dB of overall gain | J58: =VLOOKUP(LEFT(TRIM(A58),1),$U$2:$V$5,2,FALSE) -> Output (Active High) | K58: CS_C | L58: P5
A59: dTUBE_7DB :1, | B59: =CONCATENATE("//* 0 = ",F59," <BR> 1 = ",G59," <BR> Description: ",H59," <BR> I/O: ",J59," <BR> Chip Select Group: ",K59," <BR> GPIO Port (Pin) Name: ",L59," <BR> Schematic Sheet of Interest: ",C59," <BR> Reference Designators of Interest: ", CONCATENATE(D59,", ",E59),IF(I59<>"",CONCATENATE(" <BR> Note: ",I59),"")) -> //* 0 = Relay not engaged, 7dB tube gain not selected <BR> 1 = Relay engaged, 7dB of FF gain or feedback applied for 7dB of overall gain (depending upon FF versus FB modes of operation) <BR> Description: 7dB feedforward gain, or feedback applied to create 7dB of overall gain <BR> I/O: Output (Active High) <BR> Chip Select Group: CS_C <BR> GPIO Port (Pin) Name: P6 <BR> Schematic Sheet of Interest: Fully Differential Tube Opamp <BR> Reference Designators of Interest: K6, K18 | C59: Fully Differential Tube Opamp | D59: K6 | E59: K18 | F59: Relay not engaged, 7dB tube gain not selected | G59: Relay engaged, 7dB of FF gain or feedback applied for 7dB of overall gain (depending upon FF versus FB modes of operation) | H59: 7dB feedforward gain, or feedback applied to create 7dB of overall gain | J59: =VLOOKUP(LEFT(TRIM(A59),1),$U$2:$V$5,2,FALSE) -> Output (Active High) | K59: CS_C | L59: P6
A60: dTUBE_8DB :1; | B60: =CONCATENATE("//* 0 = ",F60," <BR> 1 = ",G60," <BR> Description: ",H60," <BR> I/O: ",J60," <BR> Chip Select Group: ",K60," <BR> GPIO Port (Pin) Name: ",L60," <BR> Schematic Sheet of Interest: ",C60," <BR> Reference Designators of Interest: ", CONCATENATE(D60,", ",E60),IF(I60<>"",CONCATENATE(" <BR> Note: ",I60),"")) -> //* 0 = Relay not engaged, 8dB tube gain not selected <BR> 1 = Relay engaged, 8dB of FF gain or feedback applied for 8dB of overall gain (depending upon FF versus FB modes of operation) <BR> Description: 8dB feedforward gain, or feedback applied to create 8dB of overall gain <BR> I/O: Output (Active High) <BR> Chip Select Group: CS_C <BR> GPIO Port (Pin) Name: P7 <BR> Schematic Sheet of Interest: Fully Differential Tube Opamp <BR> Reference Designators of Interest: K5, K17 | C60: Fully Differential Tube Opamp | D60: K5 | E60: K17 | F60: Relay not engaged, 8dB tube gain not selected | G60: Relay engaged, 8dB of FF gain or feedback applied for 8dB of overall gain (depending upon FF versus FB modes of operation) | H60: 8dB feedforward gain, or feedback applied to create 8dB of overall gain | J60: =VLOOKUP(LEFT(TRIM(A60),1),$U$2:$V$5,2,FALSE) -> Output (Active High) | K60: CS_C | L60: P7
A62: #define FILTER_BYTE_GROUP 5
A63: uchar
A64: dTUBE_9DB :1, | B64: =CONCATENATE("//* 0 = ",F64," <BR> 1 = ",G64," <BR> Description: ",H64," <BR> I/O: ",J64," <BR> Chip Select Group: ",K64," <BR> GPIO Port (Pin) Name: ",L64," <BR> Schematic Sheet of Interest: ",C64," <BR> Reference Designators of Interest: ", CONCATENATE(D64,", ",E64),IF(I64<>"",CONCATENATE(" <BR> Note: ",I64),"")) -> //* 0 = Relay not engaged, 9dB tube gain not selected <BR> 1 = Relay engaged, 9dB of FF gain or feedback applied for 9dB of overall gain (depending upon FF versus FB modes of operation) <BR> Description: 9dB feedforward gain, or feedback applied to create 9dB of overall gain <BR> I/O: Output (Active High) <BR> Chip Select Group: CS_C <BR> GPIO Port (Pin) Name: P8 <BR> Schematic Sheet of Interest: Fully Differential Tube Opamp <BR> Reference Designators of Interest: K4, K16 | C64: Fully Differential Tube Opamp | D64: K4 | E64: K16 | F64: Relay not engaged, 9dB tube gain not selected | G64: Relay engaged, 9dB of FF gain or feedback applied for 9dB of overall gain (depending upon FF versus FB modes of operation) | H64: 9dB feedforward gain, or feedback applied to create 9dB of overall gain | J64: =VLOOKUP(LEFT(TRIM(A64),1),$U$2:$V$5,2,FALSE) -> Output (Active High) | K64: CS_C | L64: P8
A65: dTUBE_10DB :1, | B65: =CONCATENATE("//* 0 = ",F65," <BR> 1 = ",G65," <BR> Description: ",H65," <BR> I/O: ",J65," <BR> Chip Select Group: ",K65," <BR> GPIO Port (Pin) Name: ",L65," <BR> Schematic Sheet of Interest: ",C65," <BR> Reference Designators of Interest: ", CONCATENATE(D65,", ",E65),IF(I65<>"",CONCATENATE(" <BR> Note: ",I65),"")) -> //* 0 = Relay not engaged, 10dB tube gain not selected <BR> 1 = Relay engaged, 10dB of FF gain or feedback applied for 10dB of overall gain (depending upon FF versus FB modes of operation) <BR> Description: 10dB feedforward gain, or feedback applied to create 10dB of overall gain <BR> I/O: Output (Active High) <BR> Chip Select Group: CS_C <BR> GPIO Port (Pin) Name: P9 <BR> Schematic Sheet of Interest: Fully Differential Tube Opamp <BR> Reference Designators of Interest: K3, K15 | C65: Fully Differential Tube Opamp | D65: K3 | E65: K15 | F65: Relay not engaged, 10dB tube gain not selected | G65: Relay engaged, 10dB of FF gain or feedback applied for 10dB of overall gain (depending upon FF versus FB modes of operation) | H65: 10dB feedforward gain, or feedback applied to create 10dB of overall gain | J65: =VLOOKUP(LEFT(TRIM(A65),1),$U$2:$V$5,2,FALSE) -> Output (Active High) | K65: CS_C | L65: P9
A66: dTUBE_11DB :1, | B66: =CONCATENATE("//* 0 = ",F66," <BR> 1 = ",G66," <BR> Description: ",H66," <BR> I/O: ",J66," <BR> Chip Select Group: ",K66," <BR> GPIO Port (Pin) Name: ",L66," <BR> Schematic Sheet of Interest: ",C66," <BR> Reference Designators of Interest: ", CONCATENATE(D66,", ",E66),IF(I66<>"",CONCATENATE(" <BR> Note: ",I66),"")) -> //* 0 = Relay not engaged, 11dB tube gain not selected <BR> 1 = Relay engaged, 11dB of FF gain or feedback applied for 11dB of overall gain (depending upon FF versus FB modes of operation) <BR> Description: 11dB feedforward gain, or feedback applied to create 11dB of overall gain <BR> I/O: Output (Active High) <BR> Chip Select Group: CS_C <BR> GPIO Port (Pin) Name: P10 <BR> Schematic Sheet of Interest: Fully Differential Tube Opamp <BR> Reference Designators of Interest: K2, K14 | C66: Fully Differential Tube Opamp | D66: K2 | E66: K14 | F66: Relay not engaged, 11dB tube gain not selected | G66: Relay engaged, 11dB of FF gain or feedback applied for 11dB of overall gain (depending upon FF versus FB modes of operation) | H66: 11dB feedforward gain, or feedback applied to create 11dB of overall gain | J66: =VLOOKUP(LEFT(TRIM(A66),1),$U$2:$V$5,2,FALSE) -> Output (Active High) | K66: CS_C | L66: P10
A67: dTUBE_FB :1, | B67: =CONCATENATE("//* 0 = ",F67," <BR> 1 = ",G67," <BR> Description: ",H67," <BR> I/O: ",J67," <BR> Chip Select Group: ",K67," <BR> GPIO Port (Pin) Name: ",L67," <BR> Schematic Sheet of Interest: ",C67," <BR> Reference Designators of Interest: ", CONCATENATE(D67,", ",E67),IF(I67<>"",CONCATENATE(" <BR> Note: ",I67),"")) -> //* 0 = Relay not engaged <BR> 1 = Relay engaged, Feedback (FB) clean mode switch position 12, or constant feedback minimum (6dB) gain for feedforward mode <BR> Description: <BR> I/O: Output (Active High) <BR> Chip Select Group: CS_C <BR> GPIO Port (Pin) Name: P11 <BR> Schematic Sheet of Interest: Fully Differential Tube Opamp <BR> Reference Designators of Interest: K1, K13 | C67: Fully Differential Tube Opamp | D67: K1 | E67: K13 | F67: Relay not engaged | G67: Relay engaged, Feedback (FB) clean mode switch position 12, or constant feedback minimum (6dB) gain for feedforward mode | J67: =VLOOKUP(LEFT(TRIM(A67),1),$U$2:$V$5,2,FALSE) -> Output (Active High) | K67: CS_C | L67: P11
A68: dFILT_EN :1, | B68: =CONCATENATE("//* 0 = ",F68," <BR> 1 = ",G68," <BR> Description: ",H68," <BR> I/O: ",J68," <BR> Chip Select Group: ",K68," <BR> GPIO Port (Pin) Name: ",L68," <BR> Schematic Sheet of Interest: ",C68," <BR> Reference Designators of Interest: ", CONCATENATE(D68,", ",E68),IF(I68<>"",CONCATENATE(" <BR> Note: ",I68),"")) -> //* 0 = Relay not engaged, normal no filter mode <BR> 1 = Relay engaged, filter "IN" <BR> Description: Engage Input Filter (don't forget to also engage Output MIX relay) <BR> I/O: Output (Active High) <BR> Chip Select Group: CS_C <BR> GPIO Port (Pin) Name: P12 <BR> Schematic Sheet of Interest: Input Filters <BR> Reference Designators of Interest: K2, K5 | C68: Input Filters | D68: K2 | E68: K5 | F68: Relay not engaged, normal no filter mode | G68: Relay engaged, filter "IN" | H68: Engage Input Filter (don't forget to also engage Output MIX relay) | J68: =VLOOKUP(LEFT(TRIM(A68),1),$U$2:$V$5,2,FALSE) -> Output (Active High) | K68: CS_C | L68: P12
A69: dFILT_LP_EN :1, | B69: =CONCATENATE("//* 0 = ",F69," <BR> 1 = ",G69," <BR> Description: ",H69," <BR> I/O: ",J69," <BR> Chip Select Group: ",K69," <BR> GPIO Port (Pin) Name: ",L69," <BR> Schematic Sheet of Interest: ",C69," <BR> Reference Designators of Interest: ", CONCATENATE(D69,", ",E69),IF(I69<>"",CONCATENATE(" <BR> Note: ",I69),"")) -> //* 0 = Relay not engaged <BR> 1 = Relay engaged, Low Pass providing LF to input filter mixing opamp <BR> Description: Low Pass filter enable <BR> I/O: Output (Active High) <BR> Chip Select Group: CS_C <BR> GPIO Port (Pin) Name: P13 <BR> Schematic Sheet of Interest: Input Filters <BR> Reference Designators of Interest: K1, K4 <BR> Note: This is mixed locally at the input filter stage with the input filter mixing opamp | C69: Input Filters | D69: K1 | E69: K4 | F69: Relay not engaged | G69: Relay engaged, Low Pass providing LF to input filter mixing opamp | H69: Low Pass filter enable | I69: This is mixed locally at the input filter stage with the input filter mixing opamp | J69: =VLOOKUP(LEFT(TRIM(A69),1),$U$2:$V$5,2,FALSE) -> Output (Active High) | K69: CS_C | L69: P13
A70: dFILT_HP_EN :1, | B70: =CONCATENATE("//* 0 = ",F70," <BR> 1 = ",G70," <BR> Description: ",H70," <BR> I/O: ",J70," <BR> Chip Select Group: ",K70," <BR> GPIO Port (Pin) Name: ",L70," <BR> Schematic Sheet of Interest: ",C70," <BR> Reference Designators of Interest: ", CONCATENATE(D70,", ",E70),IF(I70<>"",CONCATENATE(" <BR> Note: ",I70),"")) -> //* 0 = Relay not engaged <BR> 1 = Relay engaged, High Pass providing HF to input filter mixing opamp <BR> Description: High Pass filter enable <BR> I/O: Output (Active High) <BR> Chip Select Group: CS_C <BR> GPIO Port (Pin) Name: P14 <BR> Schematic Sheet of Interest: Input Filters <BR> Reference Designators of Interest: K3, K6 <BR> Note: This is mixed locally at the input filter stage with the input filter mixing opamp | C70: Input Filters | D70: K3 | E70: K6 | F70: Relay not engaged | G70: Relay engaged, High Pass providing HF to input filter mixing opamp | H70: High Pass filter enable | I70: This is mixed locally at the input filter stage with the input filter mixing opamp | J70: =VLOOKUP(LEFT(TRIM(A70),1),$U$2:$V$5,2,FALSE) -> Output (Active High) | K70: CS_C | L70: P14
A71: bLINEAMP_ENGAGE :1; | B71: =CONCATENATE("//* 0 = ",F71," <BR> 1 = ",G71," <BR> Description: ",H71," <BR> I/O: ",J71," <BR> Chip Select Group: ",K71," <BR> GPIO Port (Pin) Name: ",L71," <BR> Schematic Sheet of Interest: ",C71," <BR> Reference Designators of Interest: ", CONCATENATE(D71,", ",E71),IF(I71<>"",CONCATENATE(" <BR> Note: ",I71),"")) -> //* 0 = Line amp channel is bypassed <BR> 1 = Line amp channel is "IN" <BR> Description: Input to sense if bypass switch is active <BR> I/O: Input (Active High) <BR> Chip Select Group: CS_C <BR> GPIO Port (Pin) Name: P15 <BR> Schematic Sheet of Interest: Front Panel, SPI GPIO _output_ schematic sheet as input (needed an extra pin on GPIO expansion chips, and had output chips available: note that each GPIO pin can be either I/O; see configuration of GPIO INIT code <BR> Reference Designators of Interest: S4, S5 <BR> Note: These are one-in-the-same switches but duplicated on the front panel PCB, left side or right side of the PCB such that a single front panel PCB design can be reused for both channels, just wired into different switch locations for the same singular switch function. Same motif/paradigm for VU meter attenuation switches and VU meters, etc.) | C71: Front Panel, SPI GPIO _output_ schematic sheet as input (needed an extra pin on GPIO expansion chips, and had output chips available: note that each GPIO pin can be either I/O; see configuration of GPIO INIT code | D71: S4 | E71: S5 | F71: Line amp channel is bypassed | G71: Line amp channel is "IN" | H71: Input to sense if bypass switch is active | I71: These are one-in-the-same switches but duplicated on the front panel PCB, left side or right side of the PCB such that a single front panel PCB design can be reused for both channels, just wired into different switch locations for the same singular switch function. Same motif/paradigm for VU meter attenuation switches and VU meters, etc.) | J71: =VLOOKUP(LEFT(TRIM(A71),1),$U$2:$V$5,2,FALSE) -> Input (Active High) | K71: CS_C | L71: P15
A73: #define PAD_BYTE_GROUP 6
A74: uchar
A75: dPAD_0_RANGE :1, | B75: =CONCATENATE("//* 0 = ",F75," <BR> 1 = ",G75," <BR> Description: ",H75," <BR> I/O: ",J75," <BR> Chip Select Group: ",K75," <BR> GPIO Port (Pin) Name: ",L75," <BR> Schematic Sheet of Interest: ",C75," <BR> Reference Designators of Interest: ", CONCATENATE(D75,", ",E75),IF(I75<>"",CONCATENATE(" <BR> Note: ",I75),"")) -> //* 0 = Relay not engaged, Odd dB values are selected <BR> 1 = Relay Engaged, Even dB levels selected <BR> Description: Seven relay ladder range (even or odd gains/attenuations): PAD K0 (Range) even/odd dB selection <BR> I/O: Output (Active High) <BR> Chip Select Group: CS_D <BR> GPIO Port (Pin) Name: P0 <BR> Schematic Sheet of Interest: PAD (Simplified) <BR> Reference Designators of Interest: K39, K46 | C75: PAD (Simplified) | D75: K39 | E75: K46 | F75: Relay not engaged, Odd dB values are selected | G75: Relay Engaged, Even dB levels selected | H75: Seven relay ladder range (even or odd gains/attenuations): PAD K0 (Range) even/odd dB selection | J75: =VLOOKUP(LEFT(TRIM(A75),1),$U$2:$V$5,2,FALSE) -> Output (Active High) | K75: CS_D | L75: P0
A76: dPAD_1 :1, | B76: =CONCATENATE("//* 0 = ",F76," <BR> 1 = ",G76," <BR> Description: ",H76," <BR> I/O: ",J76," <BR> Chip Select Group: ",K76," <BR> GPIO Port (Pin) Name: ",L76," <BR> Schematic Sheet of Interest: ",C76," <BR> Reference Designators of Interest: ", CONCATENATE(D76,", ",E76),IF(I76<>"",CONCATENATE(" <BR> Note: ",I76),"")) -> //* 0 = Relay not engaged, 0dB or 1dB depending upon Range Relay (K0 RANGE) for even or odd dB level selection <BR> 1 = Relay engaged, 0dB or 1dB not selected <BR> Description: Seven relay ladder, relay 1 <BR> I/O: Output (Active High) <BR> Chip Select Group: CS_D <BR> GPIO Port (Pin) Name: P1 <BR> Schematic Sheet of Interest: PAD (Simplified) <BR> Reference Designators of Interest: K45, K52 <BR> Note: Relay has highest wired priority when setting gain/attenuation. <BR> Relay is opposite polarity than other relays in this ladder to account for relay priority when brown-out or power down (this relay takes precedence to drop gain closer to 0dB during power down or brown-out; mechanically / electrically rather than "softwarely") | C76: PAD (Simplified) | D76: K45 | E76: K52 | F76: Relay not engaged, 0dB or 1dB depending upon Range Relay (K0 RANGE) for even or odd dB level selection | G76: Relay engaged, 0dB or 1dB not selected | H76: Seven relay ladder, relay 1 | I76: Relay has highest wired priority when setting gain/attenuation. <BR> Relay is opposite polarity than other relays in this ladder to account for relay priority when brown-out or power down (this relay takes precedence to drop gain closer to 0dB during power down or brown-out; mechanically / electrically rather than "softwarely") | J76: =VLOOKUP(LEFT(TRIM(A76),1),$U$2:$V$5,2,FALSE) -> Output (Active High) | K76: CS_D | L76: P1
A77: dPAD_2 :1, | B77: =CONCATENATE("//* 0 = ",F77," <BR> 1 = ",G77," <BR> Description: ",H77," <BR> I/O: ",J77," <BR> Chip Select Group: ",K77," <BR> GPIO Port (Pin) Name: ",L77," <BR> Schematic Sheet of Interest: ",C77," <BR> Reference Designators of Interest: ", CONCATENATE(D77,", ",E77),IF(I77<>"",CONCATENATE(" <BR> Note: ",I77),"")) -> //* 0 = Relay not engaged, 2dB or 3dB not selected <BR> 1 = Relay engaged, 2dB or 3dB depending upon Range relay (K0 RANGE) for even or odd dB level selection <BR> Description: Seven relay ladder, relay 2 <BR> I/O: Output (Active High) <BR> Chip Select Group: CS_D <BR> GPIO Port (Pin) Name: P2 <BR> Schematic Sheet of Interest: PAD (Simplified) <BR> Reference Designators of Interest: K44, K51 | C77: PAD (Simplified) | D77: K44 | E77: K51 | F77: Relay not engaged, 2dB or 3dB not selected | G77: Relay engaged, 2dB or 3dB depending upon Range relay (K0 RANGE) for even or odd dB level selection | H77: Seven relay ladder, relay 2 | J77: =VLOOKUP(LEFT(TRIM(A77),1),$U$2:$V$5,2,FALSE) -> Output (Active High) | K77: CS_D | L77: P2
A78: dPAD_3 :1, | B78: =CONCATENATE("//* 0 = ",F78," <BR> 1 = ",G78," <BR> Description: ",H78," <BR> I/O: ",J78," <BR> Chip Select Group: ",K78," <BR> GPIO Port (Pin) Name: ",L78," <BR> Schematic Sheet of Interest: ",C78," <BR> Reference Designators of Interest: ", CONCATENATE(D78,", ",E78),IF(I78<>"",CONCATENATE(" <BR> Note: ",I78),"")) -> //* 0 = Relay not engaged, 4dB or 5dB not selected <BR> 1 = Relay engaged, 4dB or 5dB depending upon Range relay (K0 RANGE) for even or odd dB level selection <BR> Description: Seven relay ladder, relay 3 <BR> I/O: Output (Active High) <BR> Chip Select Group: CS_D <BR> GPIO Port (Pin) Name: P3 <BR> Schematic Sheet of Interest: PAD (Simplified) <BR> Reference Designators of Interest: K43, K50 | C78: PAD (Simplified) | D78: K43 | E78: K50 | F78: Relay not engaged, 4dB or 5dB not selected | G78: Relay engaged, 4dB or 5dB depending upon Range relay (K0 RANGE) for even or odd dB level selection | H78: Seven relay ladder, relay 3 | J78: =VLOOKUP(LEFT(TRIM(A78),1),$U$2:$V$5,2,FALSE) -> Output (Active High) | K78: CS_D | L78: P3
A79: dPAD_4 :1, | B79: =CONCATENATE("//* 0 = ",F79," <BR> 1 = ",G79," <BR> Description: ",H79," <BR> I/O: ",J79," <BR> Chip Select Group: ",K79," <BR> GPIO Port (Pin) Name: ",L79," <BR> Schematic Sheet of Interest: ",C79," <BR> Reference Designators of Interest: ", CONCATENATE(D79,", ",E79),IF(I79<>"",CONCATENATE(" <BR> Note: ",I79),"")) -> //* 0 = Relay not engaged, 6dB or 7dB not selected <BR> 1 = Relay engaged, 6dB or 7dB depending upon Range relay (K0 RANGE) for even or odd dB level selection <BR> Description: Seven relay ladder, relay 4 <BR> I/O: Output (Active High) <BR> Chip Select Group: CS_D <BR> GPIO Port (Pin) Name: P4 <BR> Schematic Sheet of Interest: PAD (Simplified) <BR> Reference Designators of Interest: K42, K49 | C79: PAD (Simplified) | D79: K42 | E79: K49 | F79: Relay not engaged, 6dB or 7dB not selected | G79: Relay engaged, 6dB or 7dB depending upon Range relay (K0 RANGE) for even or odd dB level selection | H79: Seven relay ladder, relay 4 | J79: =VLOOKUP(LEFT(TRIM(A79),1),$U$2:$V$5,2,FALSE) -> Output (Active High) | K79: CS_D | L79: P4
A80: dPAD_5 :1, | B80: =CONCATENATE("//* 0 = ",F80," <BR> 1 = ",G80," <BR> Description: ",H80," <BR> I/O: ",J80," <BR> Chip Select Group: ",K80," <BR> GPIO Port (Pin) Name: ",L80," <BR> Schematic Sheet of Interest: ",C80," <BR> Reference Designators of Interest: ", CONCATENATE(D80,", ",E80),IF(I80<>"",CONCATENATE(" <BR> Note: ",I80),"")) -> //* 0 = Relay not engaged, 8dB or 9dB not selected <BR> 1 = Relay engaged, 8dB or 9dB depending upon Range relay (K0 RANGE) for even or odd dB level selection <BR> Description: Seven relay ladder, relay 5 <BR> I/O: Output (Active High) <BR> Chip Select Group: CS_D <BR> GPIO Port (Pin) Name: P5 <BR> Schematic Sheet of Interest: PAD (Simplified) <BR> Reference Designators of Interest: K41, K48 | C80: PAD (Simplified) | D80: K41 | E80: K48 | F80: Relay not engaged, 8dB or 9dB not selected | G80: Relay engaged, 8dB or 9dB depending upon Range relay (K0 RANGE) for even or odd dB level selection | H80: Seven relay ladder, relay 5 | J80: =VLOOKUP(LEFT(TRIM(A80),1),$U$2:$V$5,2,FALSE) -> Output (Active High) | K80: CS_D | L80: P5
A81: dPAD_6 :1, | B81: =CONCATENATE("//* 0 = ",F81," <BR> 1 = ",G81," <BR> Description: ",H81," <BR> I/O: ",J81," <BR> Chip Select Group: ",K81," <BR> GPIO Port (Pin) Name: ",L81," <BR> Schematic Sheet of Interest: ",C81," <BR> Reference Designators of Interest: ", CONCATENATE(D81,", ",E81),IF(I81<>"",CONCATENATE(" <BR> Note: ",I81),"")) -> //* 0 = Relay not engaged, 10dB or 11dB not selected <BR> 1 = Relay engaged, 10dB or 11dB depending upon Range relay (K0 RANGE) for even or odd dB level selection <BR> Description: Seven relay ladder, relay 6 <BR> I/O: Output (Active High) <BR> Chip Select Group: CS_D <BR> GPIO Port (Pin) Name: P6 <BR> Schematic Sheet of Interest: PAD (Simplified) <BR> Reference Designators of Interest: K40, K47 <BR> Note: Relay has least wired priority | C81: PAD (Simplified) | D81: K40 | E81: K47 | F81: Relay not engaged, 10dB or 11dB not selected | G81: Relay engaged, 10dB or 11dB depending upon Range relay (K0 RANGE) for even or odd dB level selection | H81: Seven relay ladder, relay 6 | I81: Relay has least wired priority | J81: =VLOOKUP(LEFT(TRIM(A81),1),$U$2:$V$5,2,FALSE) -> Output (Active High) | K81: CS_D | L81: P6
A82: K_Lineamp_IN :1; | B82: =CONCATENATE("//* 0 = ",F82," <BR> 1 = ",G82," <BR> Description: ",H82," <BR> I/O: ",J82," <BR> Chip Select Group: ",K82," <BR> GPIO Port (Pin) Name: ",L82," <BR> Schematic Sheet of Interest: ",C82," <BR> Reference Designators of Interest: ", CONCATENATE(D82,", ",E82),IF(I82<>"",CONCATENATE(" <BR> Note: ",I82),"")) -> //* 0 = Actively providing ground return for bypass relays, and allows the channel to come out of Bypass if so selected (powered) by the user and the front panel bypass switch <BR> 1 = Not active (Bypass relays not grounded, thus not energized; defaults unit into hardwired Bypass mode) <BR> Description: Relay driver to provide ground current sink to bypass relays <BR> I/O: Output (Active High) <BR> Chip Select Group: CS_D <BR> GPIO Port (Pin) Name: P7 <BR> Schematic Sheet of Interest: Front Panel, SPI GPIO output <BR> Reference Designators of Interest: , <BR> Note: Engage this relay after tube warm-up (Autostandby), whence HT_PRESENT signal is good (on MCU) | C82: Front Panel, SPI GPIO output | F82: Actively providing ground return for bypass relays, and allows the channel to come out of Bypass if so selected (powered) by the user and the front panel bypass switch | G82: Not active (Bypass relays not grounded, thus not energized; defaults unit into hardwired Bypass mode) | H82: Relay driver to provide ground current sink to bypass relays | I82: Engage this relay after tube warm-up (Autostandby), whence HT_PRESENT signal is good (on MCU) | J82: Output (Active High) | K82: CS_D | L82: P7
A84: #define DISPLAY_BYTE_GROUP 7
A85: uchar
A86: display_a :1, | B86: =CONCATENATE("//* 0 = ",F86," <BR> 1 = ",G86," <BR> Description: ",H86," <BR> I/O: ",J86," <BR> Chip Select Group: ",K86," <BR> GPIO Port (Pin) Name: ",L86," <BR> Schematic Sheet of Interest: ",C86," <BR> Reference Designators of Interest: ", CONCATENATE(D86,", ",E86),IF(I86<>"",CONCATENATE(" <BR> Note: ",I86),"")) -> //* 0 = Segment illuminated <BR> 1 = Segment not illuminated <BR> Description: Debug display, can also be additional GPIO for when display is not installed in production versions of Line Amp <BR> I/O: Output (Active Low, for debug display purposes) <BR> Chip Select Group: CS_D <BR> GPIO Port (Pin) Name: P8 <BR> Schematic Sheet of Interest: SPI GPIO outputs <BR> Reference Designators of Interest: DS1, DS2 | C86: SPI GPIO outputs | D86: DS1 | E86: DS2 | F86: Segment illuminated | G86: Segment not illuminated | H86: Debug display, can also be additional GPIO for when display is not installed in production versions of Line Amp | J86: Output (Active Low, for debug display purposes) | K86: CS_D | L86: P8
A87: display_b :1, | B87: =CONCATENATE("//* 0 = ",F87," <BR> 1 = ",G87," <BR> Description: ",H87," <BR> I/O: ",J87," <BR> Chip Select Group: ",K87," <BR> GPIO Port (Pin) Name: ",L87," <BR> Schematic Sheet of Interest: ",C87," <BR> Reference Designators of Interest: ", CONCATENATE(D87,", ",E87),IF(I87<>"",CONCATENATE(" <BR> Note: ",I87),"")) -> //* 0 = Segment illuminated <BR> 1 = Segment not illuminated <BR> Description: Debug display, can also be additional GPIO for when display is not installed in production versions of Line Amp <BR> I/O: Output (Active Low, for debug display purposes) <BR> Chip Select Group: CS_D <BR> GPIO Port (Pin) Name: P9 <BR> Schematic Sheet of Interest: SPI GPIO outputs <BR> Reference Designators of Interest: DS1, DS2 | C87: SPI GPIO outputs | D87: DS1 | E87: DS2 | F87: Segment illuminated | G87: Segment not illuminated | H87: Debug display, can also be additional GPIO for when display is not installed in production versions of Line Amp | J87: Output (Active Low, for debug display purposes) | K87: CS_D | L87: P9
A88: display_c :1, | B88: =CONCATENATE("//* 0 = ",F88," <BR> 1 = ",G88," <BR> Description: ",H88," <BR> I/O: ",J88," <BR> Chip Select Group: ",K88," <BR> GPIO Port (Pin) Name: ",L88," <BR> Schematic Sheet of Interest: ",C88," <BR> Reference Designators of Interest: ", CONCATENATE(D88,", ",E88),IF(I88<>"",CONCATENATE(" <BR> Note: ",I88),"")) -> //* 0 = Segment illuminated <BR> 1 = Segment not illuminated <BR> Description: Debug display, can also be additional GPIO for when display is not installed in production versions of Line Amp <BR> I/O: Output (Active Low, for debug display purposes) <BR> Chip Select Group: CS_D <BR> GPIO Port (Pin) Name: P10 <BR> Schematic Sheet of Interest: SPI GPIO outputs <BR> Reference Designators of Interest: DS1, DS2 | C88: SPI GPIO outputs | D88: DS1 | E88: DS2 | F88: Segment illuminated | G88: Segment not illuminated | H88: Debug display, can also be additional GPIO for when display is not installed in production versions of Line Amp | J88: Output (Active Low, for debug display purposes) | K88: CS_D | L88: P10
A89: display_d :1, | B89: =CONCATENATE("//* 0 = ",F89," <BR> 1 = ",G89," <BR> Description: ",H89," <BR> I/O: ",J89," <BR> Chip Select Group: ",K89," <BR> GPIO Port (Pin) Name: ",L89," <BR> Schematic Sheet of Interest: ",C89," <BR> Reference Designators of Interest: ", CONCATENATE(D89,", ",E89),IF(I89<>"",CONCATENATE(" <BR> Note: ",I89),"")) -> //* 0 = Segment illuminated <BR> 1 = Segment not illuminated <BR> Description: Debug display, can also be additional GPIO for when display is not installed in production versions of Line Amp <BR> I/O: Output (Active Low, for debug display purposes) <BR> Chip Select Group: CS_D <BR> GPIO Port (Pin) Name: P11 <BR> Schematic Sheet of Interest: SPI GPIO outputs <BR> Reference Designators of Interest: DS1, DS2 | C89: SPI GPIO outputs | D89: DS1 | E89: DS2 | F89: Segment illuminated | G89: Segment not illuminated | H89: Debug display, can also be additional GPIO for when display is not installed in production versions of Line Amp | J89: Output (Active Low, for debug display purposes) | K89: CS_D | L89: P11
A90: display_e :1, | B90: =CONCATENATE("//* 0 = ",F90," <BR> 1 = ",G90," <BR> Description: ",H90," <BR> I/O: ",J90," <BR> Chip Select Group: ",K90," <BR> GPIO Port (Pin) Name: ",L90," <BR> Schematic Sheet of Interest: ",C90," <BR> Reference Designators of Interest: ", CONCATENATE(D90,", ",E90),IF(I90<>"",CONCATENATE(" <BR> Note: ",I90),"")) -> //* 0 = Segment illuminated <BR> 1 = Segment not illuminated <BR> Description: Debug display, can also be additional GPIO for when display is not installed in production versions of Line Amp <BR> I/O: Output (Active Low, for debug display purposes) <BR> Chip Select Group: CS_D <BR> GPIO Port (Pin) Name: P12 <BR> Schematic Sheet of Interest: SPI GPIO outputs <BR> Reference Designators of Interest: DS1, DS2 | C90: SPI GPIO outputs | D90: DS1 | E90: DS2 | F90: Segment illuminated | G90: Segment not illuminated | H90: Debug display, can also be additional GPIO for when display is not installed in production versions of Line Amp | J90: Output (Active Low, for debug display purposes) | K90: CS_D | L90: P12
A91: display_f :1, | B91: =CONCATENATE("//* 0 = ",F91," <BR> 1 = ",G91," <BR> Description: ",H91," <BR> I/O: ",J91," <BR> Chip Select Group: ",K91," <BR> GPIO Port (Pin) Name: ",L91," <BR> Schematic Sheet of Interest: ",C91," <BR> Reference Designators of Interest: ", CONCATENATE(D91,", ",E91),IF(I91<>"",CONCATENATE(" <BR> Note: ",I91),"")) -> //* 0 = Segment illuminated <BR> 1 = Segment not illuminated <BR> Description: Debug display, can also be additional GPIO for when display is not installed in production versions of Line Amp <BR> I/O: Output (Active Low, for debug display purposes) <BR> Chip Select Group: CS_D <BR> GPIO Port (Pin) Name: P13 <BR> Schematic Sheet of Interest: SPI GPIO outputs <BR> Reference Designators of Interest: DS1, DS2 | C91: SPI GPIO outputs | D91: DS1 | E91: DS2 | F91: Segment illuminated | G91: Segment not illuminated | H91: Debug display, can also be additional GPIO for when display is not installed in production versions of Line Amp | J91: Output (Active Low, for debug display purposes) | K91: CS_D | L91: P13
A92: display_g :1, | B92: =CONCATENATE("//* 0 = ",F92," <BR> 1 = ",G92," <BR> Description: ",H92," <BR> I/O: ",J92," <BR> Chip Select Group: ",K92," <BR> GPIO Port (Pin) Name: ",L92," <BR> Schematic Sheet of Interest: ",C92," <BR> Reference Designators of Interest: ", CONCATENATE(D92,", ",E92),IF(I92<>"",CONCATENATE(" <BR> Note: ",I92),"")) -> //* 0 = Segment illuminated <BR> 1 = Segment not illuminated <BR> Description: Debug display, can also be additional GPIO for when display is not installed in production versions of Line Amp <BR> I/O: Output (Active Low, for debug display purposes) <BR> Chip Select Group: CS_D <BR> GPIO Port (Pin) Name: P14 <BR> Schematic Sheet of Interest: SPI GPIO outputs <BR> Reference Designators of Interest: DS1, DS2 | C92: SPI GPIO outputs | D92: DS1 | E92: DS2 | F92: Segment illuminated | G92: Segment not illuminated | H92: Debug display, can also be additional GPIO for when display is not installed in production versions of Line Amp | J92: Output (Active Low, for debug display purposes) | K92: CS_D | L92: P14
A93: display_dp :1; | B93: =CONCATENATE("//* 0 = ",F93," <BR> 1 = ",G93," <BR> Description: ",H93," <BR> I/O: ",J93," <BR> Chip Select Group: ",K93," <BR> GPIO Port (Pin) Name: ",L93," <BR> Schematic Sheet of Interest: ",C93," <BR> Reference Designators of Interest: ", CONCATENATE(D93,", ",E93),IF(I93<>"",CONCATENATE(" <BR> Note: ",I93),"")) -> //* 0 = Segment illuminated <BR> 1 = Segment not illuminated <BR> Description: Debug display, can also be additional GPIO for when display is not installed in production versions of Line Amp <BR> I/O: Output (Active Low, for debug display purposes) <BR> Chip Select Group: CS_D <BR> GPIO Port (Pin) Name: P15 <BR> Schematic Sheet of Interest: SPI GPIO outputs <BR> Reference Designators of Interest: DS1, DS2 | C93: SPI GPIO outputs | D93: DS1 | E93: DS2 | F93: Segment illuminated | G93: Segment not illuminated | H93: Debug display, can also be additional GPIO for when display is not installed in production versions of Line Amp | J93: Output (Active Low, for debug display purposes) | K93: CS_D | L93: P15

Sheet Sheet2
A2: uchar pCUT; | D2: =CONCATENATE("//* Debounce bit counter for: ",Sheet1!H2) -> //* Debounce bit counter for: Gain Mode Switch (Cut), Front Panel
A3: uchar pBOOST; | D3: =CONCATENATE("//* Debounce bit counter for: ",Sheet1!H3) -> //* Debounce bit counter for: Gain Mode Switch (Boost), Front Panel
A4: uchar bLOADING_A0; | D4: =CONCATENATE("//* Debounce bit counter for: ",Sheet1!H4) -> //* Debounce bit counter for: Loading Knob bit 0
A5: uchar bLOADING_A1; | D5: =CONCATENATE("//* Debounce bit counter for: ",Sheet1!H5) -> //* Debounce bit counter for: Loading Knob bit 1
A6: uchar bLOADING_A2; | D6: =CONCATENATE("//* Debounce bit counter for: ",Sheet1!H6) -> //* Debounce bit counter for: Loading Knob bit 2
A7: uchar bLOADING_A3; | D7: =CONCATENATE("//* Debounce bit counter for: ",Sheet1!H7) -> //* Debounce bit counter for: Loading Knob bit 3
A8: uchar pXFORMER_A0; | D8: =CONCATENATE("//* Debounce bit counter for: ",Sheet1!H8) -> //* Debounce bit counter for: Transformer Mode Knob bit 0
A9: uchar pXFORMER_A1; | D9: =CONCATENATE("//* Debounce bit counter for: ",Sheet1!H9) -> //* Debounce bit counter for: Transformer Mode Knob bit 1
A11: uchar pFILTER_A0; | D11: =CONCATENATE("//* Debounce bit counter for: ",Sheet1!H19) -> //* Debounce bit counter for: Filter Mode Knob bit 0
A12: uchar pFILTER_A1; | D12: =CONCATENATE("//* Debounce bit counter for: ",Sheet1!H20) -> //* Debounce bit counter for: Filter Mode Knob bit 1
A13: uchar bOUTLEVEL_A0; | D13: =CONCATENATE("//* Debounce bit counter for: ",Sheet1!H21) -> //* Debounce bit counter for: Output Level Gain Knob bit 0
A14: uchar bOUTLEVEL_A1; | D14: =CONCATENATE("//* Debounce bit counter for: ",Sheet1!H22) -> //* Debounce bit counter for: Output Level Gain Knob bit 1
A15: uchar bOUTLEVEL_A2; | D15: =CONCATENATE("//* Debounce bit counter for: ",Sheet1!H23) -> //* Debounce bit counter for: Output Level Gain Knob bit 2
A16: uchar bOUTLEVEL_A3; | D16: =CONCATENATE("//* Debounce bit counter for: ",Sheet1!H24) -> //* Debounce bit counter for: Output Level Gain Knob bit 3
A17: uchar pFRAC_0P5DB; | D17: =CONCATENATE("//* Debounce bit counter for: ",Sheet1!H25) -> //* Debounce bit counter for: Output Level Fractional gain/attenuation 0.5dB
A18: uchar pFRAC_0DB; | D18: =CONCATENATE("//* Debounce bit counter for: ",Sheet1!H26) -> //* Debounce bit counter for: Output Level Fractional gain/attenuation 0dB
A20: uchar pFB_CLEAN; | D20: =CONCATENATE("//* Debounce bit counter for: ",Sheet1!H48) -> //* Debounce bit counter for: Front Panel input for Tube Opamp mode (feedback or feedforward mode of operation, e.g., clean versus bloom modes)
A21: uchar pMODE; | D21: =CONCATENATE("//* Debounce bit counter for: ",Sheet1!H49) -> //* Debounce bit counter for: Front Panel input for Mode momentary toggle position (far right) to operate overall System mode (open, pre, post, link, LED brightness control)
A22: uchar bLINEAMP_ENGAGE; | D22: =CONCATENATE("//* Debounce bit counter for: ",Sheet1!H71) -> //* Debounce bit counter for: Input to sense if bypass switch is active

Sheet Sheet3
